{
  "title": "WORKFLOW.JSON CONSTRUCTION",
  "type": "object",
  "required": ["workflow_name"],
  "properties": {
    "workflow_name": {
      "type": "string",
      "title": "workflow_name"
    },
    "dev": {
      "type": "object",
      "title": "dev",
      "required": ["cluster_name", "cluster_type", "cluster_size"],
      "properties": {
        "cluster_name": {
          "type": "string",
          "title": "cluster_name"
        },
        "cluster_type": {
          "type": "string",
          "title": "cluster_type"
        },
        "cluster_size": {
          "type": "string",
          "title": "cluster_size"
        },
        "steps": {
          "type": "array",
          "title": "steps",
          "items": {
            "type": "object",
            "required": ["Name"],
            "properties": {
              "Name": {
                "type": "string",
                "title": "Name"
              },
              "ActionOnFailure": {
                "type": "string",
                "title": "ActionOnFailure"
              },
              "HadoopJarStep": {
                "type": "object",
                "required": [],
                "properties": {
                  "Jar": {
                    "type": "string",
                    "title": "Jar"
                  },
                  "Args": {
                    "type": "array",
                    "title": "Args",
                    "items": {
                      "type": "string"
                    }
                  }
                }
              }
            }
          }
        }
      }
    }
  }
}
