{
  "workflow_name": "cdls_emr_exec_dou-market_dou-project-name_workflow",
  "dev": {
    "cluster_name": "aws-us-east-1-emr-abv-cdl-d-cdlops-batch",
    "cluster_type": "userdefined",
    "cluster_size": "memory_large",
    "steps": [
      {
        "Name": "spark batch:ftp_to_landing_dou-project-name_acc_outlet",
        "ActionOnFailure": "CONTINUE",
        "HadoopJarStep": {
          "Jar": "s3://us-east-1.elasticmapreduce/libs/script-runner/script-runner.jar",
          "Args": [
            "s3://s3-abb-us-e1-cdl-d-devops/code_repository/comm/framework/src/batch_ingestion/autosys/vendor_s3_to_inbound_s3_move.sh",
            "s3://s3-abb-us-e1-cdl-d-devops/code_repository/comm/dou-project-s3-repo-name/src/dou-project-name/configuration/autosysjobrun/acc_outlet_move_script.properties"
          ]
        }
      },
      {
        "Name": "spark batch:validation_dou-project-name_acc_outlet",
        "ActionOnFailure": "CONTINUE",
        "HadoopJarStep": {
          "Jar": "s3://us-east-1.elasticmapreduce/libs/script-runner/script-runner.jar",
          "Args": [
            "s3://s3-abb-us-e1-cdl-d-devops/code_repository/comm/framework/src/batch_ingestion/autosys/Autosys_Validation.sh",
            "s3://s3-abb-us-e1-cdl-d-devops/code_repository/comm/dou-project-s3-repo-name/src/dou-project-name/configuration/config/env_config_mhcd_rltn_spc_phrm_acct_outlet_tbl.json",
            "--num-executors=10 --executor-memory=20g --driver-memory=20g --executor-cores=8 --conf spark.sql.parquet.writeLegacyFormat=true --conf spark.sql.legacy.timeParserPolicy=LEGACY"
          ]
        }
      },
      {
        "Name": "spark batch:ingestion_dou-project-name_acc_outlet",
        "ActionOnFailure": "CONTINUE",
        "HadoopJarStep": {
          "Jar": "s3://us-east-1.elasticmapreduce/libs/script-runner/script-runner.jar",
          "Args": [
            "s3://s3-abb-us-e1-cdl-d-devops/code_repository/comm/framework/src/batch_ingestion/autosys/Autosys_Ingestion.sh",
            "s3://s3-abb-us-e1-cdl-d-devops/code_repository/comm/dou-project-s3-repo-name/src/dou-project-name/configuration/config/env_config_mhcd_rltn_spc_phrm_acct_outlet_tbl.json",
            "s3://s3-abb-us-e1-cdl-d-devops/code_repository/comm/dou-project-s3-repo-name/src/dou-project-name/configuration/properties/mhcd_tbl.json",
            "mhcd_rltn_spc_phrm_acct_outlet_tbl",
            "--num-executors=10 --executor-memory=20g --driver-memory=20g --executor-cores=8 --conf spark.sql.parquet.writeLegacyFormat=true --conf spark.sql.legacy.timeParserPolicy=LEGACY"
          ]
        }
      },
      {
        "Name": "spark batch:s3_archival_dou-project-name_acc_outlet",
        "ActionOnFailure": "CONTINUE",
        "HadoopJarStep": {
          "Jar": "s3://us-east-1.elasticmapreduce/libs/script-runner/script-runner.jar",
          "Args": [
            "s3://s3-abb-us-e1-cdl-d-devops/code_repository/comm/framework/src/batch_ingestion/autosys/Autosys_S3Archival.sh",
            "s3://s3-abb-us-e1-cdl-d-devops/code_repository/comm/dou-project-s3-repo-name/src/dou-project-name/configuration/autosysjobrun/acc_outlet_move_script.properties"
          ]
        }
      }
    ]
  }
}
